player_name,variety,card_number,set,year,image_url,total_graded
Aaron Ekblad,Base,225,Upper Deck,2014,https://dw7591lwb84er.cloudfront.net/eyJpdiI6IkU4ZVdIK0xOTmJxUjNNVDF4Z09lbUE9PSIsInZhbHVlIjoiaHNnU2RHUDVvYU05akMycGN6Y0dvbmtwMjhFbDRBTlJoOWlyWWdzUE1CUDZpdFcrSS91aXBWWGhRZE5FUzFOWkErcHVUQ0FLdWhYenpReGFxQnJmV1E9PSIsIm1hYyI6IjczZjE4YjRlNjdmZDlkYWU5NWZhYTUzMjU2YmFlMjEzYmE4ZWNmNzdmYjA1M2Y2Zjk4OTJmMjdjYjhkNGU5MWUifQ==,241
Aaron Judge,Autograph,346A,Topps Now,2017,https://dw7591lwb84er.cloudfront.net/eyJpdiI6IjZjL21WWVBXSVo2L3VvTlpaWFh1aHc9PSIsInZhbHVlIjoicnJhdEZ6QU1BUmRaZzMzUVNTVjkzeHErVTBSUTFWT3VvcTN4WDdmZVBHNHk1TTY5UGhPczF5TmVhVDRxK09YSm5lWjNxREVYanZDeE1qeXRHYU9GcHc9PSIsIm1hYyI6ImU0ZTQwYmY2OWY4NWFjNWE0Mjg4ZGRmMzg0ZjM5ZThkOTRhZTk1ZDg2MTBjZGE4OWE4ZGNhMGZkNzllNjkxZDUifQ==,27
Aaron Judge,Base,BDPP19,Bowman Chrome Draft Picks & Prospects,2013,https://dw7591lwb84er.cloudfront.net/eyJpdiI6IjJiNjEwaFF4UnI4YXEvZnc3dlhZZkE9PSIsInZhbHVlIjoiNVVZend0amVmN3FoWGs1dUtlQVlraFQxT05YQXJuSUJJa0ZNdWhCN3pKTnFaVFd1aE00MmpaZGQvVUMwRnB2UXROdms0YkhCUHhvQTNEZW0rT1ZRaEE9PSIsIm1hYyI6IjM2ZGZhYjUwMmExZmM2ZTUzYzI0YTdhNGUxYjRhN2E5NGY1MmRjN2QzZGRkMjFlN2M5MzNlMzk1MzRiODkyMzMiLCJ0YWciOiIifQ==,3092
Aaron Rodgers,Base,162,Leaf Certified Materials,2005,https://dw7591lwb84er.cloudfront.net/eyJpdiI6InI2SXZuc0Q5RDFBQWROYTdSRS8vRXc9PSIsInZhbHVlIjoiUDVJZk0vMVA1bGs2Ym9XNlBsK2ZLU0NqWC91TWZxMnRBV3hMaWZLZDdnY3RFRlk4WktoN1ZNRVhxVU4zT01NSzNuU1JJTmxVRGZvdE5UaTZ5Um9mVVE9PSIsIm1hYyI6IjlkZjcyMzYxNTdjYTgwNzdlNWI1MzZkMzA0OTRkZjQ1NDUzY2IxNjgzOTBlMzAyZjk4Nzg4NDNhZjlhOTcyZWIifQ==,145
Aaron Rodgers,Base,202,Upper Deck,2005,https://dw7591lwb84er.cloudfront.net/eyJpdiI6InZhK2JFRlRoRlhwMHdCZmJOM1hkdlE9PSIsInZhbHVlIjoiMFcwZDhCMFA0c00vTUQraWcwZGw4YkxocE9DWlduWXlRaWE4Rkk4RThSSlFtU3FFdWYra3VsVGtIMTcrVDI3Mm85RC95VXRhN29SVmFFWmhYKzhiQXc9PSIsIm1hYyI6IjAwNjkxOTBlOWRiN2M0ZjFmN2U5ZTMxMDlhM2RjYTMyNmY0NDNjNTViZjAwNjM1ZGVlMDZhZjM1MmJlOWNiOGMifQ==,366
Aaron Rodgers,Base,NFL4,Upper Deck 26th National,2005,https://dw7591lwb84er.cloudfront.net/eyJpdiI6ImdYUEkzdnNlV1RBWUR3OGhJdU9FbkE9PSIsInZhbHVlIjoiWGh0NlQyZkhvdmZwK0hUL1U0eTE3czN6OVFqcjZjMTdSSkV3ZjlKSzNaRHp4TFRkVkM2VGd2aGVQNWVWMnl5YUVNZDRqSGhUN1hkMy9UR0NrNnpjWEE9PSIsIm1hYyI6ImVkMjQ0OGJlZGRkYmY5YTY3OTY1ZGI1MzY3M2E0ZmViZWVhNTA3YzQ5MWJlYjBlZWNmZDAyOTE4YzBiMTBmYTcifQ==,70
Adam Larsson,Base,227,Upper Deck,2011,https://dw7591lwb84er.cloudfront.net/eyJpdiI6IkdpNVZ3WENYdm8vL2RERmpOak5CZ1E9PSIsInZhbHVlIjoiRTR6VS90cktrS1IxSHpmMWhGZjY2OEU3WEJyV0R4SDlYbHp4NC9pUUt4TT0iLCJtYWMiOiJiZTc1MTlhMjdiZTY4MzU3ZmQwZTI3OWI3M2EzOTdkZjNkZTgyNDVkNmNmNjI4Y2NlNDM3YzViNzM1MjRkMjM3In0=,68
Adrian Peterson,Base,279,Upper Deck,2007,https://dw7591lwb84er.cloudfront.net/eyJpdiI6InBseHdqMXovU3ZFdUxNMWNQYTVwcGc9PSIsInZhbHVlIjoiU1RSdmdRazFoZGNQNGZJWGptbVIrajM0VE9GOGpCNDRlNURLNWw3bUx4N0I2a2dPeVZxUTREMmJWU1pyeEM2b1ZvK2lnZUZqMmxicXpFazlRWEZVTlE9PSIsIm1hYyI6IjgzZTBiYTUwNjVlZjkyMTQ3OTRjODhiZmM5YzU2YTQ1MjcwZWEyNzJiMDlhNGU1MGQwNWZmZDg3NzkyZWMyMzEifQ==,376
Albert Pujols,Base,RDK-3,Donruss Rookie Diamond Kings,2001,https://dw7591lwb84er.cloudfront.net/eyJpdiI6Ik9RZmNEaGxIRmgwUFZGZ3JmSm9xWEE9PSIsInZhbHVlIjoiWW91SHlTdVpGZjMwRzFFUHNXSThwb0JnVHdiMHJvRndLSzVHMCt2U0drdz0iLCJtYWMiOiIzNjU2ZjBkNDhjZmI1NDUyM2IyZWE5ODEwNWYzZDY0ZjE0OGM5MTdiNGY4Y2M5YzgwMThkOTY2ZWY1YzgwMjNmIn0=,236
Alex Bregman,Base,75,Bowman,2017,https://dw7591lwb84er.cloudfront.net/eyJpdiI6IitsaE5lbGVjcFVvbXVrSmR2YVV1Wmc9PSIsInZhbHVlIjoiRHBoa2xjaW4waXMyTGJYbEJuc2l5dTdrN0FMWHdsVjFVeXZBZllGSjgvWVN2WjgzYXJ3SEY3WVBScmlQQm1LVyIsIm1hYyI6ImU4YmFmMDNkY2I5M2YxNDgxZjZjOGYyZDY4Y2MyNjE2Yzk2ZmI5ZGIzN2E1YTAzOWE0ODE1Y2ExZDQ4Y2Q1MjUifQ==,416
Andre Ethier,Base,313,Topps,2005,https://dw7591lwb84er.cloudfront.net/eyJpdiI6IitzQS9NRVNhSlYxbWlKRnMwbTFtdXc9PSIsInZhbHVlIjoiS2lVRUhUcTgzUW5OSEsrUy9IRTF3ZlY5QjZKUzdhcEg2RjA4MXV6SWpNcz0iLCJtYWMiOiJiOWRhNGE3OWU0M2YwY2E0MTczZWRiYTM1MjNiODg3NzUyNzEwZjA2MjE5ZTMzMTVkMmEwOTI0YzMyZDg5ZGU1In0=,104
Anquan Boldin,Base,203,Topps Chrome,2003,https://dw7591lwb84er.cloudfront.net/eyJpdiI6InZYWE44ekcycTVxOS93T1ZZUnJ5RGc9PSIsInZhbHVlIjoiVHZzM0p4V01vZVY0Y3pSKzR2YkZJdWU5RFVIVjhFQzVVaXYwS3k1MmMrST0iLCJtYWMiOiIxYmViMzYwNjYyN2EzZGVkMGUzMTljNGI2NTVmNTZkZDQ5OWE4ZTU4ZWU5NDE1NTU3OWE0NzViOGNiNDk3YWMwIn0=,106
Anthony Davis,Base,2,Panini Contenders Roy Die-Cut,2012,https://dw7591lwb84er.cloudfront.net/eyJpdiI6IkZ2akFwWXl5VUJ3V201MVRFNlU4N3c9PSIsInZhbHVlIjoiT1RUamRQU2tsMEtWMWNVaVIwdVUrQlZIUDhpMnNNQ1RaNlVXb3pGL3VHYU9TKzNxQ0hIbHNEL2YrYWlVMW04SkxCK2NEZWpUQ0JQdTZmQ2RyM0swV0E9PSIsIm1hYyI6IjZiNjE5ZmY1NjM2ODkyMTU5NGZiYzdkNjIxNTdlODkzNTY3MWY5NWZjMTYzMzY0NzlmZTM3ZTRkY2NiMGI0NzMifQ==,64
Anthony Edwards,Blue Ice,1,Panini Prizm Draft Picks,2020,https://dw7591lwb84er.cloudfront.net/eyJpdiI6InZxb1BxVGlHLzE1bmw0S1NFMTdzNGc9PSIsInZhbHVlIjoibUhTSXNBOWN0aEhFenByNmNLNytwSTR0dlZzalFkNkhjU2NZc1R2Y3Y1djh5SWRhUVlXQnJ3dmFDV2F6RG03SFJLUjFYenpvVUdobGFkQVdJZWw3YUE9PSIsIm1hYyI6ImE4YWZkZDE4ZmI5ZGIyMTMwMzI0Mjk2NzdlODI2NzgzMDdjNDk3YzI3YmI3NmI2NmFiZDA4ODlmOTRhZmMwYTMifQ==,7
Anthony Edwards,Silver Prizm,258,Panini Prizm,2020,https://dw7591lwb84er.cloudfront.net/eyJpdiI6InVJc1d3Z0lDU3luMTZ4amhtYXpwWmc9PSIsInZhbHVlIjoicksxR1d3ZHI4cVIvYU5xRlpQN2xpRUJkeGtFU3ZIUldTdktFRHRpaUtqZms1NXhtbURPOHZENENsSXhtWmE5THcyaFlGRzFXOW5sYzV6eDNkaGF6U2c9PSIsIm1hYyI6ImUxYzIxYzgxNzkzYTdhNzg3NGM2NWUyOThkMTg3NmY5MzRjMDE5YTUwZTdiOTMxNzMwZWY3NDU1Y2FhNThlNzUifQ==,794
Anthony Rizzo,Base,BP101,Bowman Prospects,2010,https://dw7591lwb84er.cloudfront.net/eyJpdiI6Ik0zamFEc2NHajNUb2RNT1RWSUNXRmc9PSIsInZhbHVlIjoibFZ4MWZFVllxd1NKUDBiNFNTZ3ZGUVk2cm8vT3JINC9GOGNtV3dtMUVOdz0iLCJtYWMiOiIwYmYwMTQzOWVkODBhZGM0MDQ1YzBmMWYxYTM0Y2I0YjU2NzkzMGE3OTg3NjAzMDkzOWM3ZjJlNzcwZDVjMGJiIn0=,349
Aroldis Chapman,Base,110,Topps,2011,https://dw7591lwb84er.cloudfront.net/eyJpdiI6Ild3ZWVpSit5OWwyeDVBalR0WmVYL2c9PSIsInZhbHVlIjoiR1VBVHNIZkdBdDlwaEgvQ3NhS2tLQm9yYzE1ZEpWRVdrV1RIZndUSk5uVGdUNzA0U21qQ09iM3Y4Nk1IdVpPc2U5ZGxUY0djNXE3c0NONWxsVVJwaEE9PSIsIm1hYyI6ImY4MGVlOWMzM2FhYWJkODk4ZDEwNWRjMGE4ZDc5ZjFkYzVlODY4MjdmYjNjYzE1Y2MxN2ZjZDUxMjNlOGE0NmYifQ==,225
Brandon Roy,Base,89,Finest,2006,https://dw7591lwb84er.cloudfront.net/eyJpdiI6IlpCcW5iejd0RVc3UEh5RjA5L21iZ3c9PSIsInZhbHVlIjoiNnN2dU1QYlVxTHJSek5OeXdvL3N3NkY2YTNtY1BLOTdkb2VjTytyUzc2MHg0Z2FsQjFsR1hwOHMxS1ZVOTdLelVuQk4zR0JvZHdnV1FsMStQRGQrTnc9PSIsIm1hYyI6IjhkYTU3YmUzZDhjYzk0YWU0ZTRjYzczMzFkMDQ3M2RjZTIyYjcxZTU5OTkzYzNkMjk2M2VkNzk5ODI0ZWNlOTcifQ==,160
Brett Favre,Collection,250,Topps,2004,https://dw7591lwb84er.cloudfront.net/eyJpdiI6IkdiaWxwdEdMT3JSU01MQ3FtLzF1NEE9PSIsInZhbHVlIjoiaktNcmpuQVJMUTg0WGNOSjhyR1FYY0R3NTNnR0VMb3NiMXVMSUFQZ1hlaEhnV04vZzZPQ1RoaDNQS0NWd3Z0WWVhUTlqNjhYM3p2NkdEaldmVWlJS3c9PSIsIm1hYyI6ImJhNzk0YjEwNGJiMzc5ZWM5NjVjMTI0MTQ3OTMwODk5M2ViMWVjMjUxZDdlMWIwNjYwZGRlOWYxYjM3ODUzMGIifQ==,23
Buddy Hield,Base,192,Panini Prizm,2016,https://dw7591lwb84er.cloudfront.net/eyJpdiI6Imp2TGd2dnBoQytQMkxsM0cvQWVMQ1E9PSIsInZhbHVlIjoiUkVobTl6V0pYdGdnanlnMWZWZlVjcnQrZHVSTHQvdnV6SFUrSC9mYVo2M004U2tIYmZRU0xNa1JVTjV4UmJwcUpMTzdsZDB1R01OVzJ0cTF3d0ExU0E9PSIsIm1hYyI6IjZlMjAyN2Y1ZjUzMjgzNjliZDMyOWU5NTVkYzYwODdlZTk2ZmVjZmExNWFjNjU4NWRkYWNjMGNkM2YzYWNlMTgifQ==,280
Chris Bosh,Prizm,116,Panini Prizm,2012,https://dw7591lwb84er.cloudfront.net/eyJpdiI6Ims0MzJhVS92bWtBRXdHQ3h3Nk9EdGc9PSIsInZhbHVlIjoicDYxNU5qM01OYnhHbHpmSzdnQWQ4L1lrTklhczBRcURrQUdDRTArL1R0UFVSUUt6SlR4bFF1Q21JRTI3dUloaXNiTWgzWkNuVUhNRDBPYURyelplMmc9PSIsIm1hYyI6ImY0ZjNhN2Q0MDYwNmIwMjY3Y2JjZDExN2Q3ODBjZjU3Y2U3MzNkNjBlMzAyMTYzODk3YTllNmZkMzZkYzhhOTYifQ==,18
Chris Paul,Base,149,SP Game Used,2005,https://dw7591lwb84er.cloudfront.net/eyJpdiI6IkcwbmVLdEcvNkhNemNmWnpCTGhha0E9PSIsInZhbHVlIjoiV0FuNjVYdVBMVVllTFpIbWVBdTUzN2UrOEVNYm0rWG9vcnVHUFdVMDVndlJRRVlxL29zbGNRU0tlSTJNQThQMXFwOTgxUnlERjF3MVpMSnB3azRVN2c9PSIsIm1hYyI6ImZkMjQyOGZjZDc3OWRiY2YwMzhkNDJlMjI3NjI5MDI5ZGNlNzBiZWVlMmY2Njg0ZTFlNTNiN2MzZjNkZjEzZTcifQ==,76
Coby White,Pink Camo,264,Panini Mosaic,2019,https://dw7591lwb84er.cloudfront.net/eyJpdiI6IlhpTXVrRkpYZHZoUUxLaUFXSEMxY3c9PSIsInZhbHVlIjoiUjh5eEcwd24rQUg5d2tONEZPSFZUaWRmUGkzYjgwS2JpcEt0d3A2akNJSFhPS1RMSkw1dnE3TWlWZWJWekRnRS9ONktvTmFIUmpCZ2FNSHJBYWVtVHc9PSIsIm1hYyI6IjU0ZTBhODZhNTc1ZTVlMDc3MWU2Nzc2MDM0MzYwMmNhYzg2Mjk5NjE0OTUzMTJjMjhkNDhlZTU5MDMxYmRlOWYifQ==,585
Colton Parayko,Base,235,Upper Deck,2015,https://dw7591lwb84er.cloudfront.net/eyJpdiI6ImpQYS9KUlVRNkh2WWtCNnZEUjZDb1E9PSIsInZhbHVlIjoiOVc0T2tDU21Idk5Cd2FmdjBOVGtHYkJCczdtQWxZVXFjYWZNWktZVGZCUTdHdURwNE5TMkpvdGJaNWlSTXhDZzFwUnVnYkdjWU1oTkF1dThFT093ZEE9PSIsIm1hYyI6IjFlNThjY2M2NWZiYjRkZGViNzk1ZmJmMDcwODU3ZWJiNTM3MWZjNDg3YWYzMDkwNjdjYzRiNmZjZTZlMTEwMWUifQ==,87
Connor McDavid,Base,R97,O-Pee-Chee Platinum Retro,2015,https://dw7591lwb84er.cloudfront.net/eyJpdiI6IitmdUdSc3R6SThnSVNTVldNc0REcnc9PSIsInZhbHVlIjoiczdjdUpHK3hteCtWaDVSVzUxYWZVT3R4cVVqR0orU011SlRGRGowYjBNUnJoRDluTDg2UmhrK1hKbVFuWXVhSiIsIm1hYyI6Ijk1OGE4NmRjYWQ0NTgwNDRkMWIyZGExZmYwMjY5YjY1ZjM3NjdjMjdkOTgyODBkYjEyM2FiMTNhNjM3OTkzNmMifQ==,131
Dansby Swanson,White Jersey,87,Topps,2017,https://dw7591lwb84er.cloudfront.net/eyJpdiI6Ik0wQlhxM25nWVpWUTdWeE55UFZHN1E9PSIsInZhbHVlIjoiRTJHMVk2WE16TENvQ2pzUk5qMTlZN1pkWjRxdFBzamRZRTBCaFhsakRqbz0iLCJtYWMiOiI0NGY0NGE2ZDljOTRiN2U4NTFmNzkwYzg2Y2JjMTU1MDcxMDI5MjY3MmZhNWNkNzVlYTZkMjhiZmRmM2UwZDg3In0=,360
David Johnson,Prizm,224,Panini Prizm,2015,https://dw7591lwb84er.cloudfront.net/eyJpdiI6IlZKVHZzNGY3dDFNdmR5VUNxcWF2cmc9PSIsInZhbHVlIjoiQ1hsYnRzUUFoOTBDL1RkcllEZEVodlUzSkEyQmpOY203b1Z3cG0rNWttWlpSQktxK2tlUWpUZHE5VEs2K01HbmR5L2lGdnRKSW9yOTRLK3Q4dEF6d0E9PSIsIm1hYyI6ImM1OTAzZDY3YmY1YzUxNTM2NmVlZjEwZGUxZGYzY2Y2NTNhMmExZGQxZTNmYTFmNGU5NTc5ODljZjA1NzM5MTMifQ==,13
DeMarcus Ware,Base,142,Finest,2005,https://dw7591lwb84er.cloudfront.net/eyJpdiI6IjhjQm1pWG0vd3JZV1A1YklFa2FKaWc9PSIsInZhbHVlIjoidFNoNG9qMWhCNmtBTEN3Y09rMWg3cEdrTmtxVXNoanl5UUhZeFlrMkV1WEcwSVhkV3pRU1BLdTV3eTBINzJSMmk0dkNPNVlzQzBLZGN5bEh4eGFPVmc9PSIsIm1hYyI6ImM4MDgwMzNlNzFhYjFlNDZlYjk1MjU4ZDE1N2E2OGI3OGMyZmFjZDhkMWI0MDY0MmIzYzJlMGNhNDI5ZTMwNTMifQ==,70
Derek Jeter,Base,10,Bowman Chrome,2012,https://dw7591lwb84er.cloudfront.net/eyJpdiI6ImUzYk1BS2gzeVZIVUt5MmFBWkV3WHc9PSIsInZhbHVlIjoidXNReWdRQkNxdFBvRmJFVXlZQllDZnFqZmxVUW1Fdkl3Qy9YR1JmQzJTRT0iLCJtYWMiOiJmMzljMDBkYWRiYTA3NzM1N2ZhMjRjNGM5NzI1Nzk1NzUwNzQwYWJhMGM4ZDRhMzQ1OWNiNWU2ZWY2MDYzNjE5In0=,83
Derek Jeter,Base,188,Fleer,2001,https://dw7591lwb84er.cloudfront.net/eyJpdiI6InFkT2xsOGhHVmhFMnpuZjFqTDZTN3c9PSIsInZhbHVlIjoiNHpON0hWN3A2d2U5bVN0b0hoYWNTUWhTdm5WOU1ZSFpwYnVkbzh5QTQyeGVLSHN1a1hHMks2YTRUQkNRRnA2NEhpb0hERlh6dllacm15L3BPZTh4SUE9PSIsIm1hYyI6IjIxMDQxMzU5MDMyMTVmZGUxNzMzMTQ4N2M1NGIyYmIxOTFmY2VhNDVlYzRiNDViZTk5N2Y2MzhkNTA0ODNjZDcifQ==,205
Derek Jeter,Base,200,Topps Mini,2014,https://dw7591lwb84er.cloudfront.net/eyJpdiI6Ik5PUExESy9LdFhlV0pEK0tuSFRaV1E9PSIsInZhbHVlIjoiZVdpNHJNRW5IVElaY2pqTW40L1VwRGg0aE5JUmRsbk4ydTBqK0c0SkFMRUFCczJRNGZVZFI2cmx3VjBmWE1RSVBYVUE0ajhEUlhiU3pGU2hPcTQ1eEE9PSIsIm1hYyI6ImUwZmYyZjZhOWNkOTQ2YTQwNWFmNTAxOWE4NGQ5MDhkY2JmZTMzNzUwMWIyMjBhYzdkNGI2ODBjMmY2ODJjYzQifQ==,4
Derek Jeter,Refractor,20,Topps Chrome,2011,https://dw7591lwb84er.cloudfront.net/eyJpdiI6InJReXhpQTcyRFk5YXVPd0p6ZnNIckE9PSIsInZhbHVlIjoiaExtcGo5ZW5PR2VSTDl4cmlKK0hUeGtPem5PdlJzbG8zTFNsS1pxOUZBMD0iLCJtYWMiOiI5MjcyOTY0NmE0MDc4OGJjZmMwNmVhZDAxNjM1OWIyYjAyZmVhNTIwNGE1ZWRlZGQ3ZmI4OWVlNDBmZDg0MGQ1In0=,31
Derek Jeter,Yellow White Lettering,23,Topps Heritage,2006,https://dw7591lwb84er.cloudfront.net/eyJpdiI6IldyQzRsRXJoTm1UbVA3VUlWeTR0Z1E9PSIsInZhbHVlIjoiaFc2QlhjQW5XU2owNGNGWUh0Q1poMnQ1VWZGWEdLZ0JNb3EyNFRLcHhvNDhKRVFaOXdEL3Vwc1FBSnBGdFpkV2VqVDdBRjFid1lRMjZFbGlhZTJqWHc9PSIsIm1hYyI6IjViZTRiNTAwMmJjMTQzNmQ2ZmZiYTU0ZWNkZjcwNjk5Y2Q0MjE1NTAwMDQxNzlhNDM4Mzc2MjU3YTUxZWZhYjkifQ==,112
Deshaun Watson,Base,104,Panini Elite Draft Picks,2017,https://dw7591lwb84er.cloudfront.net/eyJpdiI6Im8zWXhpQTduOXJJY2svRDkwZUxMRXc9PSIsInZhbHVlIjoiYjBJajZDQ3lpYWtRL1VCK3pteEdYZG9ldi9DV3o3S3hvRE1PTnUvQW9XZHVSTG1tTUIzSS82cSswWXBBUXEycmdHNG9qdDJxc0VPVHI3aURFZTZIMkE9PSIsIm1hYyI6IjkxYmVkMzdmNTBmYjk1MjAzNDdkZjczY2FiODRhYzU3OGIxMmE2ZDA4OWZhYWRjNzNlNGQyZDNiMTdiMWJjNjYifQ==,180
Domantas Sabonis,Starburst Prizm,255,Panini Prizm,2016,https://dw7591lwb84er.cloudfront.net/eyJpdiI6ImV2NWZKemNqdlRpSXZsRkdhVEQ0bWc9PSIsInZhbHVlIjoib3g5NkhBWW1Xd0lUcVQ5WUtqaW5XY0g5SURhb0grMG1NR2xNRnFvQ0R5bUtVb216WFNaczlid0xnd0tLemloaHFvcHU3d1g3WS9zK2lJOXE4Rk5TaWc9PSIsIm1hYyI6IjhhNjUyY2JjMTI3ZmY2MzIzMjJmMTY2NGE0NDllNzU1YjYyNjUwZDQ2MmI4Y2Q0YTJkMmY4NDc1ZjFjZWU3MDgifQ==,57
Drew Brees,Base,3,Pacific Dynagon Top of the Class,2001,https://dw7591lwb84er.cloudfront.net/eyJpdiI6InRmYmpJWDFRU29CZ2pibS9Ub00vckE9PSIsInZhbHVlIjoiRnIwaXdDaTNSYmd2cGpremVJZHB2U3UvYncyNjNUa2xUNENpQ1FkQ0N0az0iLCJtYWMiOiIxZGU5MjJlMDFmZTc4ZmFiMzQxOTAxZWVhODVkOGVmOGE0MjllMTI5NGQ4OGJmNjdhNDJkZjNkN2NjZjA2MmM3In0=,194
Emeka Okafor,Black Refractor,167,Topps Chrome,2004,https://dw7591lwb84er.cloudfront.net/eyJpdiI6InhiZ2kvaE5CQ1VMdWhpVXdIZk5PbXc9PSIsInZhbHVlIjoiNFlCZEEvR1Y4a3JjY01qOXdIY1B2WUp3aXNTY21YaXBYSnpiakNxUjZId3NrY2ZycExTV2d5ZlBJeUpmQ1VHaTFMWWFmNFM1T1BGNm4zWEUraG9kVmc9PSIsIm1hYyI6ImZmZTZhMTc1ZWM4NzI4YWU0YWFjMzgwYjdkMmRlNWI5MDcwMTMzZjBmZDE1YmUxODFkNDJjZmIwNGE0Yzk5OTAifQ==,67
Erik Karlsson,Base,210,Upper Deck,2009,https://dw7591lwb84er.cloudfront.net/eyJpdiI6InNGUnVrK2txZlBFT3J2N1dxZ2tjV0E9PSIsInZhbHVlIjoiTFhMKzNROEdBWjh1NkE3YmtrbjBnUEtyRWRaRnRsclo2dk5SMnF4WEJoRkJzQklrb0FVVXhqbHRheENMQUN4WVdpU1FyRkdoMUx3WXFLTnp3QVJ1eUE9PSIsIm1hYyI6Ijc2MjE4N2E0NzM0ZjJiN2U1MjVkMDM4MzVhZmI3MjEzYjMyNzU0MTIzMDEyMGUxODY5YmYwZjQxN2ZkNmUxMTcifQ==,319
Fernando Tatis Jr.,Action,517,Topps Heritage,2019,https://dw7591lwb84er.cloudfront.net/eyJpdiI6IktEMFBlcGV3bXRMV3g3VWdwM2gxMEE9PSIsInZhbHVlIjoiMmR6bWZVZ09GVVRmWk5NeWdZRVFBc3FBSGlMbStRd0wvM0d6OUhOQkU4MGw2N09IeGZKN1Fld0grNVFEdXUwSHprbzVpQnFydGk3a3dqcnlMVjErK2c9PSIsIm1hYyI6ImMzMGUwN2NlMmM0ZTRjYmNhN2U4NTBkN2RlNDk4MzczMjAyOGM2ZDY0ZTEzYzkyODZlMDgwMDk3NmY1NGZkM2IifQ==,467
Frank Gore,Base,130,Bowman,2005,https://dw7591lwb84er.cloudfront.net/eyJpdiI6IjZYUTVxN0orUE9oY0gxbmNBbXJsNnc9PSIsInZhbHVlIjoiZUlMeXovR1NLSzJYUVVLNVdBS2F5OC84cTBGMHVMR0d1NVdqRzkzL2tWbkRrWCtDNHNobHZVVWFOUmw0c1FnUTRlQlBEVFVvV0c3N3ZJMURrb3BPOEE9PSIsIm1hYyI6IjA4ZjJiMjAzM2VmZDM0NDU5MjBiNDg5MzYzMTc4ZmEwOTcwZWM5NTQ4MzczMDkzMzc2MTIzMmQyN2ZmMTZiZWEifQ==,93
Greg Maddux,Base,155,Topps Gold,2005,https://dw7591lwb84er.cloudfront.net/eyJpdiI6ImtwU0VPK2pkVmliUzVVcVc4cHpaSHc9PSIsInZhbHVlIjoicTJacXVJczZITUt0SHphUU1qa3JmSFZtU3hDT0Y1SjJDeDUvSU13UXJsTnc4WWZFTktZZ0JuaUM4UkVFbVZ1cTMyamdnRTc2Z1BDVDlGSlc2N291aFE9PSIsIm1hYyI6ImMzOTMxODkzNTY2ODBlZmE1NTRkNTUzMTA0M2MyOTRiNDg2ZjI3ZmI2OTQyMDI3NTE2NjgzODcwMTc4MmRhZjMifQ==,2
Henrik Lundqvist,Base,288,Upper Deck Victory,2005,http://host.jwcinc.net/712533/brent/2014_10/357_1_4.jpg,108
Howie Kendrick,Base,T154,Topps Traded,2004,https://dw7591lwb84er.cloudfront.net/eyJpdiI6Ilk2MW9MODgwbFlPVnEwekZFdlJ5WGc9PSIsInZhbHVlIjoiRUtvcHNMcnZEbkZOM2gwSUF1WmlEVEhxYUN3Zm4vRzlGOEtaYVNDNDVjNXFqR0Frc3dPSXlNL2RVUi9jQnlTeVVmaGNwTlFtcGJjSWJsMDlRTlFnL0E9PSIsIm1hYyI6IjAxMWJiNjVmNmE3NjFmOGUyMTJmYTllM2U1MjgwODcwZTJkMDU4OTI0OTg1MzM0ODU1YjNlN2ViNDcxY2FhMjIifQ==,172
Ichiro Suzuki,Red Xfractor,10,Topps Chrome,2004,https://dw7591lwb84er.cloudfront.net/eyJpdiI6Imw3UFhWRmtxM1JtVjNyMHNMbHVQWlE9PSIsInZhbHVlIjoiSG8zZEhIOG9URHdKWFRiWGNaNjA3cVJsMTg3WkVQZE5jSXhtak05NkpBUT0iLCJtYWMiOiIxZjA0NGJlOWNmZDliOTYzMTY5MTM2Yjc5ZDAwMDQ5MzcwZDNiYmUwN2FiMWFhODRmNDc1NGM0YThlOTMwMmE3In0=,1
Jadeveon Clowney,Jumping,120,Topps Chrome,2014,https://dw7591lwb84er.cloudfront.net/eyJpdiI6Ill6d1dxaXZldHdETFVkT0hpNGZoNEE9PSIsInZhbHVlIjoiWm90SXhkL0lkTXpRQVNkYSt5Z2p6WTFFL0ZkTFZtUENqWnRua3lTWHdxVT0iLCJtYWMiOiI2MWM2Njk4ZWY3ZTFiYzUwYzIxZmVlYjQxYWI3Y2Y1ZjYyMjdmZTU4ZTkyNTlhNjI1ZDkyNjMxM2IzY2NkMTAwIn0=,119
Joel Embiid,Blue & Green Mosaic Prizm,253,Panini Prizm,2014,https://dw7591lwb84er.cloudfront.net/eyJpdiI6Ik9jZERuSldxeXZ3Y1YyUVVRU2JSWEE9PSIsInZhbHVlIjoiRXN3anptaEZ2YmdVaERyUUs0N1V4WnJwWXNtR3FUY0JLaExCWFFVRzlTc2xDRTByc3RnU1hiWkpqUUYwWU5kV1pyalNxSSs3V2tBNHZXTUkrWjZpT3J4Yno0QkVaMGxrNGQyQUVjclpRM1U9IiwibWFjIjoiYjM3MzY4YzA1ZGZkZDA1MjJiN2Y0MDAwMzJhMzA1Y2UwMjlhYmY0YmIzM2EzOTExMTE0OGNhNTc3MGU0MTg1MyJ9,179
Jonathan Huberdeau,Base,222,Upper Deck,2013,https://dw7591lwb84er.cloudfront.net/eyJpdiI6IjNiQ2dlNzNLbkRteDlKQjVqNnNLbGc9PSIsInZhbHVlIjoibEFoNFVqcmhMRVZjai85U2NMQmtoNVpSV0dJZkRwVzdSeE1LTFBCV3RPSytZa0JHWmRLYnBUbnJ1Y0Q3cEJkbHMwUnJnR0p2S3pla211M2xqNHBRZ0E9PSIsIm1hYyI6ImFkMGU3ZTE1ZmE0NTJhZTgzNzk3OWI3Njc4MzcxZThiMDgwMWRhOGYyYzA3ODJmODRlMzc0NDBjMGQ0ZjdhMjIifQ==,564
Jonathan Taylor,Reactive Green,216,Panini Mosaic,2020,https://dw7591lwb84er.cloudfront.net/eyJpdiI6InNTVWtuc3pWL0FTYkc5RU5VV1dmanc9PSIsInZhbHVlIjoiUENIam80ZVQwQmphb2ppaUNjY1JSb1JUVUY3QjRhOXpicjlXMkpmWHJBN0hMZGhiR2NIMTVNNkw2ZEFtL2ppdEtDaDM5MThVZGZkZXpjVUZKMk5mV1E9PSIsIm1hYyI6ImNmZTdlNmI4MWZlYjA4Y2NiMmYxNDcyZWRkODEzZmNiZmQyNWIzMDk5ODAyMDZjYTI2MGVkZDcyMTQwOTE0ZGMifQ==,38
Jordan Binnington,UD Exclusives,469,Upper Deck,2014,https://dw7591lwb84er.cloudfront.net/eyJpdiI6ImZDcVVxTWtwM2Q0WU9xN2NSTkVmNEE9PSIsInZhbHVlIjoiU0FPMkE0djA5S1pzY3BBZDFBc01EcWlsaVFoeEtCZXBVS0tpMTdRcjZmcWV1SnlTZVN0dHBiZGpwUjY2cDlodzdnQ1ZMTWxMb2czeG56dUFjS3VnQmc9PSIsIm1hYyI6ImI0NWJlNzAyMDc2MDFiZGUxMTk3YmI5NDdkN2Q5OWNmOTMyZjdlODQ3MzZmZTNkMWRlN2NiNjNmMzkwNDIxNWIifQ==,6
Jrue Holiday,Gold,330,Topps,2009,https://dw7591lwb84er.cloudfront.net/eyJpdiI6IkZMcS9manNUbE9acmtrYUdqL0Rrc1E9PSIsInZhbHVlIjoiZnA3RlFicHo5alNuR0ZrSzl4Uy9LMHJYMDBEOGpWSXQwbFUxcktGeDJ4MD0iLCJtYWMiOiJjMmQyMDFmNWM0ZmZiN2RlNTFjYjM4NmM0Y2I3YmY3ZWMzOWM1Y2FjODE4ZTYxY2JmNGI3YTg1ODBiZWMwNDFkIn0=,36
Justin Verlander,Base,630,Topps Turkey Red,2006,https://dw7591lwb84er.cloudfront.net/eyJpdiI6ImlOL1FhVGt0MnZDaVJKeXRRM0NZeGc9PSIsInZhbHVlIjoiZm13TCsyUE9USzJTWmd3Vm1DS1FrK05NYUxKb3dTWDFOazdnYmxQNEZudSs3ZDhvd0tvN1h2N2dGK01DOUdhSlIzSVRVcnFhMVB0Y1ZWMjVOQkYxd2c9PSIsIm1hYyI6IjkyMmMwNWViMWZjOWYyMWE4ZjM5YTg4MjJkNzA4ZjBkZWFjNDNmZjI0YzRhZWE0Y2MxNmE0OGFhODIxOTA4NzYifQ==,120
Kareem Abdul-Jabbar,Base,159,Panini Prizm,2012,https://dw7591lwb84er.cloudfront.net/eyJpdiI6ImV1OVVmblpndklEemJqTXRRUzF1RUE9PSIsInZhbHVlIjoiVEMyT2YyQ0lzU1liWklVU21JemxDTnRGR01JSjJyUlpVTEphc2pLWW9KUDZmcEMzNWlTd0tDWmwvR2h5UHZEclA3ZVlDSWtBd3lMblNEaXBKYkExQW9Dak1pSW5ReThiUTNIUk0wdUJJNUE9IiwibWFjIjoiYWIyYjRiMjIwMjMyYTRmOGQxZGJkOTg5MmViYzkwMzlhZjgzNWQ1NmRlMDUxZmQ3MjY3ZGZkYjc5ODBkODNiMSJ9,104
Kemba Walker,Base,255,Panini Brilliance,2012,https://dw7591lwb84er.cloudfront.net/eyJpdiI6IjhtVWNyeURza3NmMlhuV3BNM2h3MkE9PSIsInZhbHVlIjoiL1JsTFBKV3BkQUx2NSt2SERnYS82NjZKcno1UGw4UU83Q2pyZlV4TFgwTW1FK3NBV1haRXdjK2lSaCtZdldsbERuSE5IM3FtSUM2YU9sbVgvM2JXMkE9PSIsIm1hYyI6IjdjMzA2ZjYzYjI1NTU5M2IxYzI3YzE5NmY2MmNhN2M1NWIwZmM0MWI1MzliNjc3NzA5MmQ0ZTIwNzE0MDE0NGQifQ==,61
Ken Griffey Jr.,Base,FF3,Topps Flashback Fridays,2007,https://dw7591lwb84er.cloudfront.net/eyJpdiI6Im5SU290LzQyNkxmOHZLNk1rbndxelE9PSIsInZhbHVlIjoiaWI5NkE4WFZSZDR6OGRBU2UvNkxPS0QvSTkvTDJ1UWVOenY5NlF3aXAwSmZXZU1GbDE0NTlKazdQWEZLYjluYiIsIm1hYyI6ImE2YzhkZTVjYmNkYWU3NTE3NjFmMDYyMmRlMTYzYzc1MDdkZWZmMWFkMWRiZDQzZTQ2Yjc2ZjZhZjI1MjllYzgifQ==,76
Kevin Durant,Gold Pulsar Prizm,6,Panini Prizm SP Variations,2014,https://dw7591lwb84er.cloudfront.net/eyJpdiI6IlQxeldINWEzaHZxWFQza0E0ZTRuZmc9PSIsInZhbHVlIjoiL0g1bGpadzRmc3ZteXdRb0YyR3Z4MFllYS9ocDdqeWVIMDhlMU4rYzNwY0hsejNFVmw0QjFUdENiZFd5eGZ0bXh0R0lEbUNwbmJzOThiM2JCeThTVkE9PSIsIm1hYyI6Ijg0OWUxMGRjZmZiYmI3NmNlNTJhMDk2MjE2ZDU4ODRmYmZmMWExNzcyYWQ0Mzg5MzlkYzZiZDc5MjVkMGUwZDAifQ==,9
Kevin Fiala,Base,208,Upper Deck,2015,https://dw7591lwb84er.cloudfront.net/eyJpdiI6IjF0T0hJcFZWNWN3Z0h3S2dRejFhV2c9PSIsInZhbHVlIjoiWS81VWxsd2V2NTF4WmJKSUpiYXQ1Q3RnaWd4OTM2LytaclVIQkQwNDFZMHB3SjlwN3ZqWnBodDdkZWYrZWcrK1VNVW84K3VtQmd3SzFSU1dML2dKclE9PSIsIm1hYyI6IjA5ZWUzZDNmMGJhNDNhMzNhYzNkMDkyNDNjMDE0YWVlZDNhZTRhOTNiNTYzZjJmN2YzZjE5M2MyMzNkY2Y2ZTYifQ==,184
Klay Thompson,Prizm,197,Panini Prizm,2013,https://dw7591lwb84er.cloudfront.net/eyJpdiI6IjE1ZmNmeUtWQUtEU2VzWk1oaDBNZWc9PSIsInZhbHVlIjoialNSOUltL2tySDA4eCsxN1ZvZGlmUm9LUlFNeUU3Z0xDL21ydUNhQi9PWG5JZXYreU5EdW1vOHpDZ0tyWGNKaFBnSlc3bFQ3ajlFL1dMTW94WFcwS0E9PSIsIm1hYyI6Ijg2NWZmNDkyZTUzODE4MmZhNDI2OTYxY2YzNWIxOTFjZDkyNTEzOGM1NWRhNmY2MWMwZTNkMTYxYTlhMmRjNTEifQ==,36
Kobe Bryant,Base,129,Topps Chrome,2006,https://dw7591lwb84er.cloudfront.net/eyJpdiI6IlFxTVVYVThMODg3TDRCOFAzNWpEckE9PSIsInZhbHVlIjoianE4b2VuLytCTlRRZTJOQUFSNFBocC9XbGJSQWRNMmMzZGJIcFBLd3k5Sng5bzFJc1A1dmRPWGZXNG8rbnZSMnpLQUpxaktlNElXdDRkS0crbFBrVUE9PSIsIm1hYyI6ImJiNTI2NmJkYzFlZWUxODUzM2YzM2Q0MmFiZTgyNDJkZjlkOTU0ZTE3ZDJmZjQyY2E2YzRiYzFmODgwNWQ4ZDkifQ==,314
Kobe Bryant,Base,40,Topps Chrome,2005,https://dw7591lwb84er.cloudfront.net/eyJpdiI6Ik1oUjN3SHc0Qk1oWUFOUktPeTFYb1E9PSIsInZhbHVlIjoieDBVYzFra3ZadlB5aE4zV1hSWUtuNGk0elJwVURwQ1pXQ3haYXdqQUVrNjNEN09OZHM5cGVSYitTK2xqVXhra0hoTTFUNldtcFlPdWp4UWs5S3JRWTllbjQ5eFJrZW9lMUFPNjkvVkIzNFE9IiwibWFjIjoiODZiYTJhOWE2Y2MyNGEzNGI4MmJiZjYzZWY1MTM4OTQzZjIzYjkxNDgzNGY5OWNjMDI1MWNlNjI5ODIxODc4YyJ9,281
Kobe Bryant,Silver Prizm,10,Panini Prizm Fireworks,2015,https://dw7591lwb84er.cloudfront.net/eyJpdiI6IitrYVVKU3B0MC84QWVPRE9uQXBQYnc9PSIsInZhbHVlIjoiVFhCajZxYjFndW1CY3YvNUFuZGlCZ1BLcVBOZ0ZwTGJraUxTa1NESWd6VW1taGZ2MXpQNGJPOHhNOTR5VERIWXdVZStleU1zOWV4Q0twVWRUa3RNTFE9PSIsIm1hYyI6IjU5YzE3OGMwY2E3ODg5Zjk4NWVmOWEyODZmMmU1M2IzNGFjZDMwYTYyMjUzZGRkMmYzZmFjNjc3MmJmZmI4NzUifQ==,20
Kris Bryant,Prism Refractor,112,Topps Chrome,2015,https://dw7591lwb84er.cloudfront.net/eyJpdiI6IklFbGllaE1XVlJwM3VNQ0xaeTJDZGc9PSIsInZhbHVlIjoiTHc3eU9hNHE1a1Q2OEQ2VU5zNWg5Z3pyMWk2SzFVd0xLSXh6YWlVRXdxdkM5dTQwWXo3SWRUaWhXQWZWMVJObk5YaUpjRkJTS2xLTXdwTkYyNEUvRnc9PSIsIm1hYyI6IjAwMzM1MzAwZThlMzg4ODJiYmY1ZTlmNzM5ZDZhM2ZiMTgxMzExMmIzOWExOTQ1MjVlOTIxY2RiMDE2NWI4M2IifQ==,367
LaMarcus Aldridge,Blue Refractor,96,Finest,2006,https://dw7591lwb84er.cloudfront.net/eyJpdiI6IlZyV3ZKKy8xOHh5S09yNHVYYis3Zmc9PSIsInZhbHVlIjoiOTNDR0xDRGQvVlpkSmptbGllcjNHL3ZNV2NsdE5lUCtDT25vQ09TVEkyV3k4aUV3VkF1Q1V2UUQ5YjZaS3N0UVhzdjNTN1ZPRmpUSEs5Nm5jRmdmTkE9PSIsIm1hYyI6Ijc4NTRjMTUxZmFhZDgzNjdkYjJjNDhmNGQ1ZWVlNjAwNzEyM2JkNzhlZjk1OWIzZjY4ZTYyOTA4MGY1ZDQyZWIifQ==,16
Larry Fitzgerald,Base,100,Finest,2004,https://dw7591lwb84er.cloudfront.net/eyJpdiI6IkUzSUVDMzUzUEZ3MHJpZnJISjg5N2c9PSIsInZhbHVlIjoiNk03UzBqcHpSYkpudFNIOXhlYUcyS0FtdlZEeFN2T3JZZ1B3anFzZ3QvSWdCOFIwMlJub2UvL0x1Y0VDSzc1ZjZkbG9GVFRZS3RjaENTaWQ2Tm52d3c9PSIsIm1hYyI6IjRkODNiNDM1MTUyMjMxMjhjOGQyMWQ2NTRhZGVkMGU2Y2QyYzgwYmUxYmZjMDA2MDJhMmJlMjFhMGMwYjhkOGUifQ==,533
LeBron James,Base,95,Panini Classics,2010,http://host.jwcinc.net/712533/brent/2014_9/171_173_4.jpg,61
LeBron James,Base,LJ8,Upper Deck Lebron's Diary,2003,https://dw7591lwb84er.cloudfront.net/eyJpdiI6Ii9CUkwzNXBTTVRuWWIvNmxoSDZWamc9PSIsInZhbHVlIjoiVEY4V0grSjAveWFFNmo0MVNvSEpMeWlKYkdUcjg2bVZOZjVmQ29DOW11eDh6d0owaUN0UHQ1Tkc0M1gxMXNLZms1aWFrVjlNUm1tWmpnenlPMml4L3p5OFhvNHZNa2RrV1VlM3ZHZGk5YzA9IiwibWFjIjoiODI3Mjc5NWNlYjAyM2ZlMThmOTlhM2I1YTA2ZmFmNDM3MDVhZmUxOTI5YTUwZTNjYWQ0YjI4ZDM4Y2I2NDM4NyJ9,358
LeBron James,Base,SQ-17,Upper Deck First Edition Starquest Green,2008,https://dw7591lwb84er.cloudfront.net/eyJpdiI6IkxSS3dGaGFxK0pzaVJEZEVVRDcvbGc9PSIsInZhbHVlIjoiSVpFQm8xTTYzUGJBdUdOYitpcUZoL1BtUHlSSzBIRGdUUVhiaFBZRVZYc0lJOGNHN2RUd1hGNFUzOHUvMXdUanR0QTRaZ1dtWWVuMkxaRHNsK3lBa1E9PSIsIm1hYyI6IjZjNDlmNjBlNjM3MWVjYzJkYjE5YzY0NjQ5YTU3Mzc3MDdhZjc3OGVlNjAwNWQ1Nzc1MzAwMTEzYTBjZjA1MGQifQ==,156
LeBron James,Blue,80,Bowman Elevation,2006,https://dw7591lwb84er.cloudfront.net/eyJpdiI6Ikgwb0VKMll6WnRrMksraGQxVVJsdWc9PSIsInZhbHVlIjoiejhpTnU5UG05NU5Ec2xkZzE3SXRCWFQzN3VITUIxUjZTdDJLbnNvKzVGcz0iLCJtYWMiOiIzMGEyNWFhYjA5MWI2ZWZlYWVjMmRjOTg3YjM5ODI0YzQyZTYxNGJjODE0ODY0OTQyZmMzYTNkZGUyOGE0NzEwIn0=,18
LeBron James,Comics,10,Bazooka Comics,2004,https://dw7591lwb84er.cloudfront.net/eyJpdiI6InJMTWNPUlVySHhHbVFzbHByQ2hYd2c9PSIsInZhbHVlIjoiayt6bDRXMVc1UlZTSEtYOTdiWDdzanZ3N0hPVWhRZU1jTlpKVFBrWGhpYTZ2cVN3Q1ZVajk3ek8xMFd3Q3V1WVdhWGhrdzZ1bzFmc0F0MjAzSUcwSFE9PSIsIm1hYyI6IjA0OTIzZjhkNDg5ZTBmMDU5ZTZkZDI5ZWMwZWQ4MWJlMTMyMzNmZWM4NzE2ZDBkMmYyMWYyNTgxODNkYTRmZTgifQ==,180
LeBron James,Legacy Collection,11,Fleer Showcase,2004,https://dw7591lwb84er.cloudfront.net/eyJpdiI6IjN4VnlkdWRaZkUxZ0JkRkNEWE1FaHc9PSIsInZhbHVlIjoiT1NrUUJtRWU2U3lEeU5jckV6b2VnNG9UMkhJMXpMeHpneDUzd1E2ZTZPWC9wWWs5TFdwWmRucnBNekwrUG5rWFMzWnRoeWtUeCs1L0Z5QWZzNjBmMWc9PSIsIm1hYyI6ImJhNmYzZTRlNGVhMzY2Yjk5ZmY2OTA2ZmQxMGVhNzI4YWQ0YjAzMDYyYmQzZDcxMGJhMzBjZThhZmRlN2YxODEifQ==,13
Luka Doncic,Fast Break,3,Panini Prizm Luck of the Lottery,2018,https://dw7591lwb84er.cloudfront.net/eyJpdiI6IlBnR0luK1NycWhFdGpyNkFsSWd6SkE9PSIsInZhbHVlIjoiZkp4VFBjNE1kV3dxdmx3VHYraTVaeFArSFNNWlljTkgxOExGemdPdHRnUUpKY29sRmlRcUZ1ZWRFV0tXMzZPK0JnWSt3TVFQU1F5blliRjk4c1N3alE9PSIsIm1hYyI6ImQ4M2JjNTZlOGJjMGY0ZWI5OWNmMGVjOTg4ODYxODU2MjI2YzA0NzY5ZDNkNDZlY2JmNGU4NTRkMDA2YTJhZWQifQ==,587
Marshawn Lynch,Base,113,Finest,2007,https://i.ebayimg.com/thumbs/images/g/KEgAAOSwfg9hUzKW/s-l1600.jpg,112
Matt Duchene,Base,203,Upper Deck,2009,https://dw7591lwb84er.cloudfront.net/eyJpdiI6InBhZjZ0OFo4ZW5MSHM0bmRKR0R1ZGc9PSIsInZhbHVlIjoiei96R0FzWlh3NWIzeUw1NnpZYTB2RzFjcllEV3A5RGdGMFhPUFFBWllrWT0iLCJtYWMiOiIwMjg1Y2ZjMmFmMzE1MDdmYTZlZmRmNjllNTFmMDQwOTgwZGRmNTg3NTJhMGRkNjkxYWJkMjdiYzBiMzVkODA5In0=,591
Michael Jordan,Base,8,Fleer Hot Prospects,2006,https://dw7591lwb84er.cloudfront.net/eyJpdiI6IlhrU3gya2U0ck5zYW9DQS9PWlhzV0E9PSIsInZhbHVlIjoiTUxBamZ5QWhVdWZPOUdrdVpjek1oeTNob3hBSnQ0QXQzSEZ4cWI1NjQyaHBYU2M5emszbkhsTVVLRWIrblppdXBiakNWUVBSY081M1BFZDlEMytRRlE9PSIsIm1hYyI6ImFmMzc0N2RiYTU1NTE3MTgwYTNmYjkxMjVmNTEwODc3M2I4ZWU3MWM3OWUwNTAxZGYwYTk4OWM5NTFiNTA0NzkifQ==,137
Michael Jordan,Base,88,Upper Deck Authentics,2002,https://dw7591lwb84er.cloudfront.net/eyJpdiI6IlMvMXF0ZVBkeUZRL3Y3Mm8xaXRNQVE9PSIsInZhbHVlIjoicjBrdHN3YjBrUmExbnpIM2k4R2lvSjUzMHFTVXhDQ2NaZWVTSWpPSEpNNzZmSVJWODFFdno5dW5MN0t0b3pzbncva0d1d2F4Wks5SHlPSWNveEE4VkE9PSIsIm1hYyI6IjhkYmM3MGY5YmY3Nzk0N2VmNmEyNTFkYzFiMTJiZGVmODQ2MzBkMmYxNjg2MzU3MTIzZjhlNjBhMjU3ZDhhNmQifQ==,72
Michael Jordan,Base,89,Upper Deck Sweet Shot,2002,https://dw7591lwb84er.cloudfront.net/eyJpdiI6IlYzelcvanRrdWRGREZrcUZOMjFQU3c9PSIsInZhbHVlIjoiRFlDbWZlbG5NT01FYzlJZ1NGYXo3dXJkdWRsY0lOTVkyQjRVMTRUSzg5Ny9oRHlIcTRJZ3J1d1dDWGtkTGI2TDhkZDFJYzltdUZ5MXZEZmFVWHhIOHc9PSIsIm1hYyI6IjlmNjc3Mjg1NzlkYmQyNTBmMzcwMGJiYjQxNDI5N2Q1NTc5NWVkMjc4Y2ZjYTZmN2YxZjAxMGFiMjY0M2NiMzMifQ==,75
Mike Trout,Base,34,Bowman,2012,https://s3.amazonaws.com/s3.myslabs.com/media/DWNZIYH_1639166140_front.jpeg,1102
Mike Trout,Base,MM-2,Topps Making Their Mark,2013,https://dw7591lwb84er.cloudfront.net/eyJpdiI6InZ6ZlRFczJDV2RyY3UxTTJ0bUgwbXc9PSIsInZhbHVlIjoibDlydVc3V3BOWnFVS29Dc3kyS1V2VUJ1alFnNG5WZlFOOTZFZWRoNlFjcmJxcVJ1RFdYWG5QN2RzSTBFbzJzM3VJa1krQnpGWDVIL0daeS9abGY1R2c9PSIsIm1hYyI6ImQ0ODY0NTcyYzJkMDI5MmI0YjU4MDhhMjAyNTQ4MzI4YTk2OWFkNzNkNjNmMWJhYTdhOWI1YjgyNmNlYTg2NjAifQ==,134
Mike Trout,Jumping-Purple Refractor,200,Topps Chrome,2019,https://dw7591lwb84er.cloudfront.net/eyJpdiI6Ii9sSlk4QXp4TkdLbnNMcjdPcXgyeHc9PSIsInZhbHVlIjoiU0FwR1RJWDRqUHZwUVNWYjhyWk40d3R6Tm1TNkhBRUtNUWtJL3QxVGJCaWR6L3cydU45R1NxclVob1A5N2VjT2RxOTVXTDVhM3JHaGEvYVZSQ1lJVnc9PSIsIm1hYyI6IjQ3NDhlZTI5MmM3MWI4MGVjZDg0M2Q3YTE2ZTkzYTc0ZDQ5ZmNhOTU0YTI0M2I3OTM0MTc5MGFlNzYxZjU0MWYifQ==,60
Montrezl Harrell,Light Blue Prizm,331,Panini Prizm,2015,https://dw7591lwb84er.cloudfront.net/eyJpdiI6InRBcWtvNjB1Y3NneG5yLzJja1dZTXc9PSIsInZhbHVlIjoiTUY4RDQvWlgvTjYxQUlUcnh4RW1yZ1ZOa0xXenphWThpdTY0ODgzalMvZ3dzaUdBdVM0RE5Bd0JkajNkQ0J5SVpjTGdIN1ZzS3RLSzZ6eXgvcEFlZUE9PSIsIm1hYyI6IjIwNTc1MTUzOWJjNmUwMjAxNTRlOWZhZDUzNDI5YzZmNTU5ODIwYTY5YjI5ZTIxOTdlZjlkN2QxMWU0MzcwMmIifQ==,19
Nikola Vucevic,Base,267,Panini Prizm,2012,https://dw7591lwb84er.cloudfront.net/eyJpdiI6IlJrM3ZPdkFIVFhXRjV6OG1jUWhoNUE9PSIsInZhbHVlIjoiamZuUWJtM1p1VnFEMVowZmpFTi9ER2dYQktHWHllNHZGZ2I4UDdDMndJcm0zVUdLaHg4MWY0ZG1EQVJzdWorckdoUFIvVjcxVHVYNWxCa2kzQ2MvWHc9PSIsIm1hYyI6IjcyMzEyMGRhODU5YmMzMzc2NDU5NTM1NmIyNTI5ZDJlNThiNzQ2YTM0MWZhMGQxMDE2NjNmOGZiZjg2MjU3ZWMifQ==,188
Nolan Arenado,Blue,87,Topps Pro Debut,2010,https://dw7591lwb84er.cloudfront.net/eyJpdiI6IkJJQ0xhSkhqWG1qZHNsdkpxbjZaVGc9PSIsInZhbHVlIjoid1lZNUozYnZCK3pnTlc5N3UrNjYrYmNtWFBKU0JBUmhVUGV0TDNSYnBPb0RuY01pcjVCaHE5aDBmWXpWb0kxWiIsIm1hYyI6ImMwNzZiMGViYjEwMTE3NmYzOGVmOTMzODRhYjBkYjVmNmMyY2ViNjNhZjUzMmJlYTQ3NTZlYWUzOGRkOTFlZDUifQ==,6
Odell Beckham Jr.,Red Refractor,108,Finest,2014,https://dw7591lwb84er.cloudfront.net/eyJpdiI6IlBVODRzRE1uL1YxQzBIRHlXRk9aNHc9PSIsInZhbHVlIjoiZ3owczJ6cW84MU5QaHRxS1Y1R3gvUDB6eFlqTDJLT3ZYT0w3a0NNU1RYUXJWRmRoVm94elE0TGdEa1IxakhldCIsIm1hYyI6Ijg2N2FmMWVmMmU2M2EyMDRiMTEyMGQ3ZGQyY2UxYzBlMmQ2OWVjMDk4Nzk3M2I1OWEzN2ZiN2FhMTBiNjg2NDUifQ==,8
Pascal Siakam,Base,165,Panini Excalibur,2016,https://dw7591lwb84er.cloudfront.net/eyJpdiI6ImVJNkcycjFoMjRIVlRDbEVNZUIvTnc9PSIsInZhbHVlIjoiNFVZZzhIT0l3ajJwVzRKZWJLT0doVXZUQ2pRaW4wZDlOZ3Q3dzVqZ0w0a05tNHh5dzVVa0RXaC9UbENubHgwdGVzVlVHVDlDZ05rd1E1K1YyTGViMnc9PSIsIm1hYyI6IjNkMmEwMDljZmVmN2VmNDY4NTg2ZTc2NTFmZDNjNGQyODIwNTgwY2YyMTZhMTk1ZTQ3Nzc5MWVlMDEwNzc3N2MifQ==,185
Pascal Siakam,Base,99,Panini Studio,2016,https://dw7591lwb84er.cloudfront.net/eyJpdiI6Ikt0VzdxTC9kbE9BRkpVaGI0Ulpsamc9PSIsInZhbHVlIjoiRTVrckZzNUVCbVdqVlViSDJOMWl4SXRteFpaME5lTlUxaW5xV0dMY1VmTmxVK3RCY05YclVtOE81bE54Ui9zQlh1NnJreFVZMTNQNEFlamxwR3NkUnc9PSIsIm1hYyI6IjE3ODk5M2ExMzEwODcyNDY1NDdhNTI5MzZjMTQzNTM2MmIxYTk1NGIxMmYxZjI2MTExZjFhN2FhNWVjNGMzMGUifQ==,97
Patrick Mahomes II,Base,10,Panini Prizm Stained Glass,2017,https://dw7591lwb84er.cloudfront.net/eyJpdiI6IllWelUxSzF6N0tTaTBZa1UzZlMzaUE9PSIsInZhbHVlIjoiYTJBTlZlMlNXT2xKMm1oTFVidnk1a3hJeVptVVRzU2hUd2xMR0JuQmZxUjBYQ0pCZmJsUW90WGFuSlZzN202Sks4SE5JVFRjRTlVSUdJNjdrdU5qdlE9PSIsIm1hYyI6ImRjMTZjMWZmMmZiOWRlZjQ4NjMxYzE2NzA5OGI2YzY0YWMwZjI2ZDRkMGRmY2VkYzQwMmY4NGQ5MmI4YTkxZGIifQ==,99
Pete Alonso,Base,475,Topps Chrome Sapphire Edition,2019,https://dw7591lwb84er.cloudfront.net/eyJpdiI6IjF3ZFBzdFVCd0k4T2VrY0F0USsrWHc9PSIsInZhbHVlIjoiS2ppUVFrcEVCUFJhNDZNWUxPSFJsZjZaQ3pUZUpHZmFwamprSGtSTnh2TWVEbHV0WUVQcUJXcVhxc3R0NG9naFYva1g4emVqMWVHanFyYklCNEs5dmc9PSIsIm1hYyI6IjM0MjgxOWViNGIyZGNkNDYxMTE3ZmU5NTM1MDA3ZWQ1NDk1NjViZTRmOWExMjk3MWEyYmZlZTUwNTU3Nzg5MjYifQ==,376
Peyton Manning,White Jersey,300,Topps,2011,https://dw7591lwb84er.cloudfront.net/eyJpdiI6IlkrOHY1V21scW9KeWM0QmJOajduV3c9PSIsInZhbHVlIjoiNDVrSTZ1Sy84ZktMM1piamdZQUpVTzVaeHM5YkRkQ20zZW1TYzJhR3F3TGNxSjh4Z1RJQVBqNUFOUTg4L2g4U1c2dW4zZDFkd3krOUpnOTI0bWZiOFE9PSIsIm1hYyI6ImM1ZDMzMDBiNjU2MTE0MDExY2EyZjcwY2UyYThkZmQ1MmU0NzE3NTllNTNkOGY1MmIyMDBkODY3MzUxODU5M2MifQ==,73
Philip Rivers,Base,PP15,Topps Chrome Premiere Prospects,2004,https://dw7591lwb84er.cloudfront.net/eyJpdiI6ImMzU2JuQzFUTkxzQWFRMlpjYlVxdFE9PSIsInZhbHVlIjoiYVhqVjlIQ0N5SUV3VE5rVW8vck15ZzBTWTlFWERFK3ErT2xTK1VvWDY4d1JCZEFMcE1pQk5lTk8vazY4RmJyZlNqajNPbE4vVDBlWVozZVN1VFRxcXc9PSIsIm1hYyI6IjI4OWZjYzgzZmQ1NTMxOGRmOGQzMjQyYmVjMDA1MzE5MDY5Y2YxN2Q4NDMwZDYzM2FhNzcyYWJjNWJhZmUyOWMifQ==,103
Sam Bennett,Base,231,Upper Deck,2015,https://dw7591lwb84er.cloudfront.net/eyJpdiI6Ikt0RURBR1YzK0RQalh5WlFMM3FJUVE9PSIsInZhbHVlIjoiNnhONXZGTWE1c2krVUpVVzFJSFhYV1QyODdXTXhsV1ZCNHNaNXhiNlF0UT0iLCJtYWMiOiIwMDBlNGI3YzVlNDNhYWNiZjQxZGJkMzM2MDhjY2U0ZTk4NTNkNjZiNTRlNGMwODYyOTQxZGI2Mjc0MzljMjAwIn0=,235
Santonio Holmes,Autograph,244,Topps Chrome,2006,https://dw7591lwb84er.cloudfront.net/eyJpdiI6IjFFbEZJb1pFTHpWRlZzTjVpL3ppakE9PSIsInZhbHVlIjoiVFB2OG0xb3BXd0RLT2EwRmtPM2JrNTl3SC9NL3F5SVV5Q3hnSUg4eVMyND0iLCJtYWMiOiI2ODNjNmVkOTVjNDExNTA4ZjVlMGE4OWNlMDYyNWEzNjc2MDM0Y2E0OGJmYTE2Njk2ODI1NmY1NWUzNmQ4MmQ2In0=,7
Saquon Barkley,Base,359,Panini Score,2018,https://dw7591lwb84er.cloudfront.net/eyJpdiI6IlVDT0JVYW1nOVZiR1A1VzltTXRsZWc9PSIsInZhbHVlIjoiMmIyenRGR3k2Zm5ZSGQ2SEJlUFV6SklPVXN1U1JRejdMcHlBdGtrWXdJT0g2eTY3THVpT0pyb0o0SFlJeGZaQ21rQk9UdXNuZU52Z1RpZ24xM3Q0Q0E9PSIsIm1hYyI6IjU4NTViMTNiM2YyMjVkOGY0MTA5YWNkNGY2OTUwMTZmODZjMTQ4OGEyMTM3N2E4NDMwYTU5MWE4MmRkZmYxODkifQ==,376
Scottie Pippen,Prizm,176,Panini Prizm,2012,https://dw7591lwb84er.cloudfront.net/eyJpdiI6ImJDM1BhdzZqK1dVcUQxdjZoNkxQcXc9PSIsInZhbHVlIjoidFJCRmZoaGdGdldXU2FJNlNRNmkxMS9vdEVveFRzUVV5eHU5ZUVJKzJuNTBHMU81WGg4SWtuNDltZk5GNkM3RVViMXpRVFlxQkZCNG82VWpZcDllcmc9PSIsIm1hYyI6Ijk2ZTI1NWZjYTM5MWIzZjkzMGZhZTU3ZDI1ZTExZDhkNjBiNzgxNDFkYmFhMjhmZDk5ZTBkNjI5YTc0YjM0NDEifQ==,25
Shane Battier,Base,134,Topps Chrome,2001,https://dw7591lwb84er.cloudfront.net/eyJpdiI6IitrclZzSFRnci9aZEcwcjJLREhBVmc9PSIsInZhbHVlIjoiQ0VseHZRZm1YM2ZBVzRVc0cyWkNyZlErVVA1dHhzKzJuK1lzcVZJK3F1N25kc05kYUFpdDFrVzIwWXhtZG9aQjZldjVtVklTU095WnRUTEpZdnc1aVE9PSIsIm1hYyI6ImEwODZlMjc1ZmI0YWIxOWI2MmEwZjU0NWNhZjU5OGM5NDI5NzIxMjA0ZTA2NDdlZDhkZTFlZDZhOWI0ODczNmUifQ==,344
Sidney Crosby,Base,SM1,Upper Deck Stars in the Making,2005,https://dw7591lwb84er.cloudfront.net/eyJpdiI6IlpiQ2g5OHVSZ1RjNFVsamc3QTA0Znc9PSIsInZhbHVlIjoiUUo1c1hvTUQvZkZiNTMrMExiUXZRTXljT1lUNlB5OU5XbXJNMUpLS2VnTjlMUTJ2SVlKdXU0Vm5nTGRSTVhreiIsIm1hYyI6ImQ5NDJjMDE1OTZlYThlOGMzYzIwMGYyMTNkMjkwNWMxMmIzNmE4NGEyMGJlNTk3NTAwMjliMzJiMDM0MDMxNjMifQ==,263
Stephen Curry,Base,180,Panini Hoops,2012,https://dw7591lwb84er.cloudfront.net/eyJpdiI6InpWdW5pWW53MkVNUlNSK1BwVDR1S0E9PSIsInZhbHVlIjoiNWh5MUZpejlqeUUwV1NZUzdvaFBZeVYvL2lwSXhzcWhQT1ZCbStGM05CST0iLCJtYWMiOiJmNmIxYjk3YzQxMmM1ZWFmMzVjNDBlMjZiMmZmNDFjMjY0Mjk1YjQzMDhlNGRkN2E4OGJkY2MwN2NjMWZlZGI3In0=,73
Stephen Strasburg,Base,183,Topps,2011,https://dw7591lwb84er.cloudfront.net/eyJpdiI6InBWdXpHN3l0ajVqOUJncUZ2SlBhamc9PSIsInZhbHVlIjoiRHA1dk9tWG4zbjlZQk1ucXZ4c1p6cmE0endSWU04ckJWYVhCai95bWVqK1dkRlpONVE2QnZ1bjVqR3BiQWlpd2ZZdXdhVDJ6U0lXY2JFczdFQWxlS3c9PSIsIm1hYyI6IjRjZGMyYTkzYzQzYzljYzk0N2ZjZDcxNWU3MThkOWExYzNlMWMwZjI3NWY5OTJlOTlmNDdmZTA3NGNhOGYwYzAifQ==,101
Tom Brady,Base,36,Panini Prizm,2014,https://dw7591lwb84er.cloudfront.net/eyJpdiI6IkQxZkg0Z280cldVbDlLdnpUdWpQTGc9PSIsInZhbHVlIjoiREVZelRwMXcrKzdtcHVXVndERHRkWWxacUkrdldBMXk0dUR6blVtL1dWVlBadHJEdnJ5T1g0Q0Mzdko5Z0pTTlRzOXhBdzlwWjlFNytxanlQaVNoY0daYk14elR0Mi9CYkhBb2hqWkM2NTA9IiwibWFjIjoiNzExYzQwYzI5ZjRhMTQyNTU2MzY0ZGVmZmM1OWI3MTE4OTczNTFjZWJkMWQzNzQwNTBkNzQwY2E1NGY5ZmRiNCJ9,168
Tom Brady,White Jersey-Orange Refractor,50,Topps Chrome,2013,https://dw7591lwb84er.cloudfront.net/eyJpdiI6Ii94UVcyUWFxYyt6cEVHclRDTVlUUVE9PSIsInZhbHVlIjoiMWpLQjk0YWFJdkh4b0l2RXZLK0JiTTRHL05mNjBqWjloby9KTkRWcmhXOD0iLCJtYWMiOiJjNDkyZjQzNWU0MWE0YzdmMTQ1YWEwYWE2YzJjZjg3NjY5MDY2ZGI2MmU0ODliNWQ2NjRlYjUzOGQxMjcwNDBjIn0=,82
Tony Parker,Base,108,Topps Pristine,2001,https://dw7591lwb84er.cloudfront.net/eyJpdiI6IjFRdVc1SDBVU0duWk04Mm5EZUZtZnc9PSIsInZhbHVlIjoiNjZMeGdmbHVnYjNXVVB5eXd4Wjl6MW9kTHYzejZSQXk5MkJwWW43OFl2aHFZUjhZZTNBeW9tVmtjZUphSVNrcGd6UmppTENPdzc3Mjlta3B3MEc5M1E9PSIsIm1hYyI6Ijg5MDAwNjhiOWZkM2JjZGY0ZmE5MzlkOGMzZGUxNTU4NmRmZWFiNThmZWViNjM4ZDVlMmYwNTkyYWMxMGVhZDQifQ==,173
Zion Williamson,Green Pulsar,248,Panini Prizm,2019,https://dw7591lwb84er.cloudfront.net/eyJpdiI6ImR3eDlwZnpJM2ZyeTRVK1F3OXdvdlE9PSIsInZhbHVlIjoiMk9IY3E2cGJRRFd0dERBMURNSVJja05BZjlNTjM3TXV0aDZhNnVXVWFYZzBxZG1xTGhqZVZMd1JIMHd5NkV0NVUxb0xvM2YzU0JSdktjb0FzOFVhbFE9PSIsIm1hYyI6IjYxZWM1YjJkM2FjYzU5NzExMDc5ZDE1NGEwZWNiZmFiM2I2M2RjYzQwYTlmYjNhM2IwZTE4NDEwYmMzYjAyMjYifQ==,7